{
  "pagination": {
    "last_visible_page": 1,
    "has_next_page": false,
    "current_page": 1,
    "items": {
      "count": 13,
      "total": 13,
      "per_page": 25
    }
  },
  "data": [
    {
      "mal_id": 356,
      "url": "https://myanimelist.net/anime/356/Fate_stay_night",
      "images": {
        "jpg": {
          "image_url": "https://cdn.myanimelist.net/images/anime/4/30327.jpg",
          "small_image_url": "https://cdn.myanimelist.net/images/anime/4/30327t.jpg",
          "large_image_url": "https://cdn.myanimelist.net/images/anime/4/30327l.jpg"
        },
        "webp": {
          "image_url": "https://cdn.myanimelist.net/images/anime/4/30327.webp",
          "small_image_url": "https://cdn.myanimelist.net/images/anime/4/30327t.webp",
          "large_image_url": "https://cdn.myanimelist.net/images/anime/4/30327l.webp"
        }
      },
      "trailer": {
        "youtube_id": "gy1MP1j_oXM",
        "url": "https://www.youtube.com/watch?v=gy1MP1j_oXM",
        "embed_url": "https://www.youtube.com/embed/gy1MP1j_oXM?enablejsapi=1&wmode=opaque&autoplay=1",
        "images": {
          "image_url": "https://img.youtube.com/vi/gy1MP1j_oXM/default.jpg",
          "small_image_url": "https://img.youtube.com/vi/gy1MP1j_oXM/sddefault.jpg",
          "medium_image_url": "https://img.youtube.com/vi/gy1MP1j_oXM/mqdefault.jpg",
          "large_image_url": "https://img.youtube.com/vi/gy1MP1j_oXM/hqdefault.jpg",
          "maximum_image_url": "https://img.youtube.com/vi/gy1MP1j_oXM/maxresdefault.jpg"
        }
      },
      "approved": true,
      "titles": [
        {
          "type": "Default",
          "title": "Fate/stay night"
        },
        {
          "type": "Synonym",
          "title": "Fate - Stay Night"
        },
        {
          "type": "Japanese",
          "title": "Fate/stay night"
        },
        {
          "type": "English",
          "title": "Fate/stay night"
        }
      ],
      "title": "Fate/stay night",
      "title_english": "Fate/stay night",
      "title_japanese": "Fate/stay night",
      "title_synonyms": ["Fate - Stay Night"],
      "type": "TV",
      "source": "Visual novel",
      "episodes": 24,
      "status": "Finished Airing",
      "airing": false,
      "aired": {
        "from": "2006-01-07T00:00:00+00:00",
        "to": "2006-06-17T00:00:00+00:00",
        "prop": {
          "from": {
            "day": 7,
            "month": 1,
            "year": 2006
          },
          "to": {
            "day": 17,
            "month": 6,
            "year": 2006
          }
        },
        "string": "Jan 7, 2006 to Jun 17, 2006"
      },
      "duration": "24 min per ep",
      "rating": "R - 17+ (violence & profanity)",
      "score": 7.27,
      "scored_by": 533740,
      "rank": 3032,
      "popularity": 185,
      "members": 977963,
      "favorites": 7448,
      "synopsis": "After a mysterious inferno kills his family, Shirou is saved and adopted by Kiritsugu Emiya, who teaches him the ways of magic and justice.\n\nOne night, years after Kiritsugu's death, Shirou is cleaning at school, when he finds himself caught in the middle of a deadly encounter between two superhumans known as Servants. During his attempt to escape, the boy is caught by one of the Servants and receives a life-threatening injury. Miraculously, he survives, but the same Servant returns to finish what he started. In desperation, Shirou summons a Servant of his own, a knight named Saber. The two must now participate in the Fifth Holy Grail War, a battle royale of seven Servants and the mages who summoned them, with the grand prize being none other than the omnipotent Holy Grail itself.\n\nFate/stay night follows Shirou as he struggles to find the fine line between a hero and a killer, his ideals clashing with the harsh reality around him. Will the boy become a hero like his foster father, or die trying?\n\n[Written by MAL Rewrite]",
      "background": "Fate/stay night is based on the first route of Type-Moon's visual novel of the same title, with elements from the second and third route combined in. Originally released in 2004 for Microsoft Windows, the visual novel later received an enhanced port―titled Fate/stay night: Réalta Nua―for the PS2 in 2007, the PS Vita in 2012, and Android and iOS in 2015.",
      "season": "winter",
      "year": 2006,
      "broadcast": {
        "day": "Saturdays",
        "time": "01:30",
        "timezone": "Asia/Tokyo",
        "string": "Saturdays at 01:30 (JST)"
      },
      "producers": [
        {
          "mal_id": 61,
          "type": "anime",
          "name": "Frontier Works",
          "url": "https://myanimelist.net/anime/producer/61/Frontier_Works"
        },
        {
          "mal_id": 145,
          "type": "anime",
          "name": "TBS",
          "url": "https://myanimelist.net/anime/producer/145/TBS"
        },
        {
          "mal_id": 460,
          "type": "anime",
          "name": "KlockWorx",
          "url": "https://myanimelist.net/anime/producer/460/KlockWorx"
        },
        {
          "mal_id": 703,
          "type": "anime",
          "name": "Notes",
          "url": "https://myanimelist.net/anime/producer/703/Notes"
        },
        {
          "mal_id": 2956,
          "type": "anime",
          "name": "Geneon Entertainment",
          "url": "https://myanimelist.net/anime/producer/2956/Geneon_Entertainment"
        }
      ],
      "licensors": [
        {
          "mal_id": 376,
          "type": "anime",
          "name": "Sentai Filmworks",
          "url": "https://myanimelist.net/anime/producer/376/Sentai_Filmworks"
        },
        {
          "mal_id": 1459,
          "type": "anime",
          "name": "Geneon Entertainment USA",
          "url": "https://myanimelist.net/anime/producer/1459/Geneon_Entertainment_USA"
        }
      ],
      "studios": [
        {
          "mal_id": 37,
          "type": "anime",
          "name": "Studio Deen",
          "url": "https://myanimelist.net/anime/producer/37/Studio_Deen"
        }
      ],
      "genres": [
        {
          "mal_id": 1,
          "type": "anime",
          "name": "Action",
          "url": "https://myanimelist.net/anime/genre/1/Action"
        },
        {
          "mal_id": 10,
          "type": "anime",
          "name": "Fantasy",
          "url": "https://myanimelist.net/anime/genre/10/Fantasy"
        },
        {
          "mal_id": 22,
          "type": "anime",
          "name": "Romance",
          "url": "https://myanimelist.net/anime/genre/22/Romance"
        }
      ],
      "explicit_genres": [],
      "themes": [
        {
          "mal_id": 82,
          "type": "anime",
          "name": "Urban Fantasy",
          "url": "https://myanimelist.net/anime/genre/82/Urban_Fantasy"
        }
      ],
      "demographics": []
    },
    {
      "mal_id": 25537,
      "url": "https://myanimelist.net/anime/25537/Fate_stay_night_Movie__Heavens_Feel_-_I_Presage_Flower",
      "images": {
        "jpg": {
          "image_url": "https://cdn.myanimelist.net/images/anime/1274/102213.jpg",
          "small_image_url": "https://cdn.myanimelist.net/images/anime/1274/102213t.jpg",
          "large_image_url": "https://cdn.myanimelist.net/images/anime/1274/102213l.jpg"
        },
        "webp": {
          "image_url": "https://cdn.myanimelist.net/images/anime/1274/102213.webp",
          "small_image_url": "https://cdn.myanimelist.net/images/anime/1274/102213t.webp",
          "large_image_url": "https://cdn.myanimelist.net/images/anime/1274/102213l.webp"
        }
      },
      "trailer": {
        "youtube_id": "AMr5pXzpvP0",
        "url": "https://www.youtube.com/watch?v=AMr5pXzpvP0",
        "embed_url": "https://www.youtube.com/embed/AMr5pXzpvP0?enablejsapi=1&wmode=opaque&autoplay=1",
        "images": {
          "image_url": "https://img.youtube.com/vi/AMr5pXzpvP0/default.jpg",
          "small_image_url": "https://img.youtube.com/vi/AMr5pXzpvP0/sddefault.jpg",
          "medium_image_url": "https://img.youtube.com/vi/AMr5pXzpvP0/mqdefault.jpg",
          "large_image_url": "https://img.youtube.com/vi/AMr5pXzpvP0/hqdefault.jpg",
          "maximum_image_url": "https://img.youtube.com/vi/AMr5pXzpvP0/maxresdefault.jpg"
        }
      },
      "approved": true,
      "titles": [
        {
          "type": "Default",
          "title": "Fate/stay night Movie: Heaven's Feel - I. Presage Flower"
        },
        {
          "type": "Japanese",
          "title": "劇場版「Fate/stay night [Heaven's Feel] Ⅰ.presage flower」"
        },
        {
          "type": "English",
          "title": "Fate/stay night: Heaven's Feel - I. Presage Flower"
        },
        {
          "type": "German",
          "title": "Fate/stay night der Film: Heaven's Feel I. - Presage Flower"
        }
      ],
      "title": "Fate/stay night Movie: Heaven's Feel - I. Presage Flower",
      "title_english": "Fate/stay night: Heaven's Feel - I. Presage Flower",
      "title_japanese": "劇場版「Fate/stay night [Heaven's Feel] Ⅰ.presage flower」",
      "title_synonyms": [],
      "type": "Movie",
      "source": "Visual novel",
      "episodes": 1,
      "status": "Finished Airing",
      "airing": false,
      "aired": {
        "from": "2017-10-14T00:00:00+00:00",
        "to": null,
        "prop": {
          "from": {
            "day": 14,
            "month": 10,
            "year": 2017
          },
          "to": {
            "day": null,
            "month": null,
            "year": null
          }
        },
        "string": "Oct 14, 2017"
      },
      "duration": "2 hr",
      "rating": "R - 17+ (violence & profanity)",
      "score": 8.15,
      "scored_by": 271586,
      "rank": 464,
      "popularity": 494,
      "members": 494890,
      "favorites": 2662,
      "synopsis": "The Holy Grail War: a violent battle between mages in which seven masters and their summoned servants fight for the Holy Grail, a magical artifact that can grant the victor any wish. Nearly 10 years ago, the final battle of the Fourth Holy Grail War wreaked havoc on Fuyuki City and took over 500 lives, leaving the city devastated. \n\nShirou Emiya, a survivor of this tragedy, aspires to become a hero of justice like his rescuer and adoptive father, Kiritsugu Emiya. Despite only being a student, Shirou is thrown into the Fifth Holy Grail War when he accidentally sees a battle between servants at school and summons his own servant, Saber. \n\nWhen a mysterious shadow begins a murderous spree in Fuyuki City, Shirou aligns himself with Rin Toosaka, a fellow participant in the Holy Grail War, in order to stop the deaths of countless people. However, Shirou's feelings for his close friend Sakura Matou lead him deeper into the dark secrets surrounding the war and the feuding families involved.\n\n[Written by MAL Rewrite]",
      "background": "Fate/Stay Night: Heaven's Feel - I. Presage Flower adapts part of the third route of Type-Moon's visual novel, Fate/stay night. Originally released in 2004 for Microsoft Windows, Fate/stay night later received an enhanced port featuring full voice acting, new soundtracks and bonus content―titled Fate/stay night: Réalta Nua―which was released for the PS2 and PS Vita consoles, as well as the iOS and Android storefronts.",
      "season": null,
      "year": null,
      "broadcast": {
        "day": null,
        "time": null,
        "timezone": null,
        "string": null
      },
      "producers": [
        {
          "mal_id": 17,
          "type": "anime",
          "name": "Aniplex",
          "url": "https://myanimelist.net/anime/producer/17/Aniplex"
        },
        {
          "mal_id": 703,
          "type": "anime",
          "name": "Notes",
          "url": "https://myanimelist.net/anime/producer/703/Notes"
        },
        {
          "mal_id": 1696,
          "type": "anime",
          "name": "Kadokawa",
          "url": "https://myanimelist.net/anime/producer/1696/Kadokawa"
        }
      ],
      "licensors": [
        {
          "mal_id": 493,
          "type": "anime",
          "name": "Aniplex of America",
          "url": "https://myanimelist.net/anime/producer/493/Aniplex_of_America"
        }
      ],
      "studios": [
        {
          "mal_id": 43,
          "type": "anime",
          "name": "ufotable",
          "url": "https://myanimelist.net/anime/producer/43/ufotable"
        }
      ],
      "genres": [
        {
          "mal_id": 1,
          "type": "anime",
          "name": "Action",
          "url": "https://myanimelist.net/anime/genre/1/Action"
        },
        {
          "mal_id": 10,
          "type": "anime",
          "name": "Fantasy",
          "url": "https://myanimelist.net/anime/genre/10/Fantasy"
        }
      ],
      "explicit_genres": [],
      "themes": [
        {
          "mal_id": 82,
          "type": "anime",
          "name": "Urban Fantasy",
          "url": "https://myanimelist.net/anime/genre/82/Urban_Fantasy"
        }
      ],
      "demographics": []
    }
  ]
}
